{
    "data_id": 1569310373232,
    "dots": [
        {
            "height": 586.8443680137572,
            "width": 765.02480202577,
            "x": 1638.880776220145,
            "y": 925.4084264832328
        }
    ],
    "image": {
        "height": 3024,
        "width": 4032
    }
}