{
    "data_id": 1569310172193,
    "dots": [
        {
            "height": 1910.9396914446002,
            "width": 2959.326788218794,
            "x": 341.1713957284979,
            "y": 268.29370900538277
        }
    ],
    "image": {
        "height": 3024,
        "width": 4032
    }
}